use Escuela

INSERT INTO Carreras (Nombre)
VALUES 
  ('Ingeniería Civil'),
  ('Ingeniería Mecánica'),
  ('Ingeniería Eléctrica'),
  ('Ingeniería Electrónica'),
  ('Ingeniería en Sistemas'),
  ('Ingeniería en Software y Redes'),
  ('Ingeniería Química'),
  ('Ingeniería en Energías Renovables'),
  ('Ingeniería Biomédica'),
  ('Ingeniería Aeroespacial'),
  ('Licenciatura en Administración'),
  ('Licenciatura en Contaduría'),
  ('Licenciatura en Derecho'),
  ('Licenciatura en Psicología'),
  ('Licenciatura en Pedagogía'),
  ('Licenciatura en Arquitectura'),
  ('Licenciatura en Enfermería'),
  ('Licenciatura en Biología'),
  ('Licenciatura en Matemáticas'),
  ('Licenciatura en Física');


INSERT INTO Personas(Nombre, APaterno, AMaterno, Fecha_Nacimiento, Sexo, Imagen, Embedding, Activo)
VALUES
  ('Carlos', 'Castillo', 'Sánchez', '2001-07-09', 'H', 0x00000000000000000000, 0x00000000000000000000, 1),
  ('Marta', 'Pérez', 'Gómez', '2002-03-19', 'M', 0x00000000000000000000, 0x00000000000000000000, 0),
  ('Jorge', 'López', 'Torres', '2003-06-27', 'H', 0x00000000000000000000, 0x00000000000000000000, 1),
  ('Sofía', 'Martínez', 'Flores', '2000-10-13', 'M', 0x00000000000000000000, 0x00000000000000000000, 1),
  ('Raúl', 'Gómez', 'Hernández', '1998-09-05', 'H', 0x00000000000000000000, 0x00000000000000000000, 0),
  ('Lucía', 'Ramírez', 'Castillo', '1999-05-30', 'M', 0x00000000000000000000, 0x00000000000000000000, 1),
  ('Jesús', 'Sánchez', 'López', '2001-12-21', 'H', 0x00000000000000000000, 0x00000000000000000000, 1),
  ('Elena', 'Flores', 'Pérez', '2002-08-11', 'M', 0x00000000000000000000, 0x00000000000000000000, 0),
  ('Luis', 'Martínez', 'Gómez', '2000-04-15', 'H', 0x00000000000000000000, 0x00000000000000000000, 1),
  ('Valeria', 'Castillo', 'Sánchez', '2001-02-23', 'M', 0x00000000000000000000, 0x00000000000000000000, 1),
  ('Pedro', 'Ramírez', 'Martínez', '2002-11-19', 'H', 0x00000000000000000000, 0x00000000000000000000, 1),
  ('Natalia', 'Gómez', 'Flores', '2000-07-07', 'M', 0x00000000000000000000, 0x00000000000000000000, 1),
  ('Andrés', 'Pérez', 'López', '2001-03-01', 'H', 0x00000000000000000000, 0x00000000000000000000, 0),
  ('Claudia', 'Torres', 'Ramírez', '1999-12-10', 'M', 0x00000000000000000000, 0x00000000000000000000, 1),
  ('Miguel', 'Sánchez', 'Castillo', '2002-09-24', 'H', 0x00000000000000000000, 0x00000000000000000000, 0),
  ('Diana', 'Flores', 'Gómez', '2001-01-15', 'M', 0x00000000000000000000, 0x00000000000000000000, 1),
  ('Jesús', 'Martínez', 'Ramírez', '2003-04-30', 'H', 0x00000000000000000000, 0x00000000000000000000, 1),
  ('Lucía', 'Pérez', 'Torres', '1998-08-17', 'M', 0x00000000000000000000, 0x00000000000000000000, 1),
  ('Raúl', 'Gómez', 'Flores', '2000-06-21', 'H', 0x00000000000000000000, 0x00000000000000000000, 1),
  ('Ana', 'Castillo', 'Martínez', '2001-05-29', 'M', 0x00000000000000000000, 0x00000000000000000000, 0),
  ('Pedro', 'López', 'Gómez', '1999-07-14', 'H', 0x00000000000000000000, 0x00000000000000000000, 1),
  ('Marta', 'Ramírez', 'Sánchez', '2000-02-20', 'M', 0x00000000000000000000, 0x00000000000000000000, 1),
  ('Carlos', 'Torres', 'Flores', '2002-09-12', 'H', 0x00000000000000000000, 0x00000000000000000000, 0),
  ('Lucía', 'Castillo', 'Martínez', '2001-06-05', 'M', 0x00000000000000000000, 0x00000000000000000000, 1),
  ('Jesús', 'Gómez', 'López', '2000-08-23', 'H', 0x00000000000000000000, 0x00000000000000000000, 0),
  ('Elena', 'Sánchez', 'Ramírez', '2003-11-30', 'M', 0x00000000000000000000, 0x00000000000000000000, 1),
  ('Andrés', 'Flores', 'Castillo', '1998-03-17', 'H', 0x00000000000000000000, 0x00000000000000000000, 1),
  ('Natalia', 'Martínez', 'Pérez', '2002-01-26', 'M', 0x00000000000000000000, 0x00000000000000000000, 0),
  ('Miguel', 'Ramírez', 'Gómez', '1999-10-08', 'H', 0x00000000000000000000, 0x00000000000000000000, 1),
  ('Diana', 'Torres', 'Sánchez', '2001-04-14', 'M', 0x00000000000000000000, 0x00000000000000000000, 1),
  ('Luis', 'Castillo', 'Flores', '2000-07-21', 'H', 0x00000000000000000000, 0x00000000000000000000, 0),
  ('Valeria', 'Gómez', 'Martínez', '2003-09-18', 'M', 0x00000000000000000000, 0x00000000000000000000, 1),
  ('Jorge', 'Pérez', 'Ramírez', '1998-12-03', 'H', 0x00000000000000000000, 0x00000000000000000000, 1),
  ('Sofía', 'López', 'Castillo', '2001-11-27', 'M', 0x00000000000000000000, 0x00000000000000000000, 1),
  ('Raúl', 'Martínez', 'Gómez', '2002-05-10', 'H', 0x00000000000000000000, 0x00000000000000000000, 0),
  ('Ana', 'Sánchez', 'Flores', '1999-03-22', 'M', 0x00000000000000000000, 0x00000000000000000000, 1),
  ('Jesús', 'Ramírez', 'Pérez', '2000-01-07', 'H', 0x00000000000000000000, 0x00000000000000000000, 1),
  ('Lucía', 'Flores', 'Torres', '2001-08-15', 'M', 0x00000000000000000000, 0x00000000000000000000, 1),
  ('Raúl', 'Gómez', 'Martínez', '2003-10-28', 'H', 0x00000000000000000000, 0x00000000000000000000, 0),
  ('Ana', 'Castillo', 'Ramírez', '1998-06-11', 'M', 0x00000000000000000000, 0x00000000000000000000, 1),
  ('Pedro', 'Gómez', 'López', '2000-04-03', 'H', 0x00000000000000000000, 0x00000000000000000000, 1),
  ('Marta', 'Ramírez', 'Martínez', '2001-12-17', 'M', 0x00000000000000000000, 0x00000000000000000000, 0),
  ('Carlos', 'Torres', 'Sánchez', '1999-10-20', 'H', 0x00000000000000000000, 0x00000000000000000000, 1),
  ('Lucía', 'Castillo', 'Flores', '2002-06-25', 'M', 0x00000000000000000000, 0x00000000000000000000, 1),
  ('Jesús', 'Gómez', 'Ramírez', '2000-03-12', 'H', 0x00000000000000000000, 0x00000000000000000000, 0),
  ('Elena', 'Sánchez', 'Pérez', '2001-09-09', 'M', 0x00000000000000000000, 0x00000000000000000000, 1),
  ('Andrés', 'Flores', 'Martínez', '2003-05-30', 'H', 0x00000000000000000000, 0x00000000000000000000, 1),
  ('Natalia', 'Martínez', 'Castillo', '1999-11-14', 'M', 0x00000000000000000000, 0x00000000000000000000, 0),
  ('Miguel', 'Ramírez', 'Gómez', '2000-08-07', 'H', 0x00000000000000000000, 0x00000000000000000000, 1),
  ('Diana', 'Torres', 'López', '2001-01-19', 'M', 0x00000000000000000000, 0x00000000000000000000, 1),
  ('Luis', 'Castillo', 'Sánchez', '2002-07-22', 'H', 0x00000000000000000000, 0x00000000000000000000, 0),
  ('Valeria', 'Gómez', 'Martínez', '1999-05-05', 'M', 0x00000000000000000000, 0x00000000000000000000, 1),
  ('Jorge', 'Pérez', 'Flores', '2000-10-30', 'H', 0x00000000000000000000, 0x00000000000000000000, 1),
  ('Sofía', 'López', 'Ramírez', '2001-03-21', 'M', 0x00000000000000000000, 0x00000000000000000000, 1),
  ('Raúl', 'Martínez', 'Castillo', '2002-12-11', 'H', 0x00000000000000000000, 0x00000000000000000000, 0),
  ('Ana', 'Sánchez', 'Torres', '1999-09-04', 'M', 0x00000000000000000000, 0x00000000000000000000, 1),
  ('Jesús', 'Ramírez', 'Flores', '2000-07-16', 'H', 0x00000000000000000000, 0x00000000000000000000, 1),
  ('Lucía', 'Flores', 'Gómez', '2001-11-09', 'M', 0x00000000000000000000, 0x00000000000000000000, 1),
  ('Raúl', 'Gómez', 'Pérez', '2003-02-27', 'H', 0x00000000000000000000, 0x00000000000000000000, 0),
  ('Ana', 'Castillo', 'Martínez', '1998-08-31', 'M', 0x00000000000000000000, 0x00000000000000000000, 1);

INSERT INTO Maestros (Id_Persona, Titulo)
VALUES
  (12, 'Mecatrónico'),
  (27, 'Fisioterapeuta'),
  (45, 'Psicólogo'),
  (6, 'Doctor'),
  (33, 'Biomédico'),
  (59, 'Químico'),
  (18, 'Físico'),
  (41, 'Matemático'),
  (22, 'Educador Físico'),
  (1, 'Maestro'),
  (36, 'Enfermero'),
  (9, 'Ingeniero en Sistemas'),
  (50, 'Médico General'),
  (31, 'Terapeuta'),
  (57, 'Lic. en Derecho'),
  (13, 'Arquitecto'),
  (25, 'Nutriólogo'),
  (60, 'Pedagogo'),
  (40, 'Ing. Civil'),
  (3, 'Psicopedagogo');

INSERT INTO Alumnos (Matricula, Id_Persona, Grado, Grupo, Id_Carrera)
VALUES
  ('20230001', 2, 3, 'A', 4),
  ('20230002', 4, 1, 'B', 7),
  ('20230003', 5, 2, 'A', 2),
  ('20230004', 7, 4, 'B', 5),
  ('20230005', 8, 5, 'A', 3),
  ('20230006', 10, 2, 'B', 6),
  ('20230007', 11, 1, 'A', 1),
  ('20230008', 14, 6, 'B', 9),
  ('20230009', 15, 3, 'A', 8),
  ('20230010', 16, 2, 'B', 4),
  ('20230011', 17, 7, 'A', 10),
  ('20230012', 19, 4, 'B', 6),
  ('20230013', 20, 2, 'A', 3),
  ('20230014', 21, 5, 'B', 2),
  ('20230015', 23, 6, 'A', 7),
  ('20230016', 24, 1, 'B', 5),
  ('20230017', 26, 3, 'A', 9),
  ('20230018', 28, 8, 'B', 1),
  ('20230019', 29, 2, 'A', 6),
  ('20230020', 30, 4, 'B', 2),
  ('20230021', 32, 5, 'A', 10),
  ('20230022', 34, 7, 'B', 3),
  ('20230023', 35, 1, 'A', 4),
  ('20230024', 37, 2, 'B', 7),
  ('20230025', 38, 3, 'A', 1),
  ('20230026', 39, 6, 'B', 8),
  ('20230027', 42, 4, 'A', 9),
  ('20230028', 43, 5, 'B', 6),
  ('20230029', 44, 3, 'A', 10),
  ('20230030', 46, 1, 'B', 2),
  ('20230031', 47, 4, 'A', 5),
  ('20230032', 48, 2, 'B', 3),
  ('20230033', 49, 7, 'A', 7),
  ('20230034', 51, 5, 'B', 1),
  ('20230035', 52, 6, 'A', 4),
  ('20230036', 53, 8, 'B', 6),
  ('20230037', 54, 1, 'A', 2),
  ('20230038', 55, 3, 'B', 9),
  ('20230039', 56, 2, 'A', 8),
  ('20230040', 58, 4, 'B', 5);


INSERT INTO Materias (Id_Materia, Nombre, Hora_Inicio, Hora_Fin, Id_Maestro)
VALUES
  ('MAT1', 'Matemáticas I', '08:00', '09:30', 12),
  ('MAT2', 'Física I', '09:30', '11:00', 7),
  ('MAT3', 'Química General', '11:00', '12:30', 6),
  ('MAT4', 'Biología Celular', '08:00', '09:30', 33),
  ('MAT5', 'Álgebra Lineal', '09:30', '11:00', 41),
  ('MAT6', 'Programación Básica', '11:00', '12:30', 9),
  ('MAT7', 'Anatomía Humana', '08:00', '09:30', 50),
  ('MAT8', 'Psicología General', '09:30', '11:00', 45),
  ('MAT9', 'Cálculo Diferencial', '11:00', '12:30', 1),
  ('AT10', 'Bases de Datos', '08:00', '09:30', 13),
  ('AT11', 'Estadística', '09:30', '11:00', 18),
  ('AT12', 'Filosofía', '11:00', '12:30', 3),
  ('AT13', 'Lengua y Redacción', '08:00', '09:30', 10),
  ('AT14', 'Desarrollo Humano', '09:30', '11:00', 27),
  ('AT15', 'Sistemas Operativos', '11:00', '12:30', 14),
  ('AT16', 'Terapia Física', '08:00', '09:30', 2),
  ('AT17', 'Ética Profesional', '09:30', '11:00', 57),
  ('AT18', 'Microbiología', '11:00', '12:30', 59),
  ('AT19', 'Derecho Laboral', '08:00', '09:30', 15),
  ('AT20', 'Metodología de la Investigación', '09:30', '11:00', 20);

INSERT INTO Alumnos_Materias (Id_Materia, Matricula)
VALUES
  ('MAT1', '20230001'),
  ('MAT2', '20230001'),
  ('MAT2', '20230002'),
  ('MAT3', '20230002'),
  ('MAT3', '20230003'),
  ('MAT4', '20230003'),
  ('MAT4', '20230004'),
  ('MAT5', '20230004'),
  ('MAT5', '20230005'),
  ('MAT6', '20230005'),
  ('MAT6', '20230006'),
  ('MAT7', '20230006'),
  ('MAT7', '20230007'),
  ('MAT8', '20230007'),
  ('MAT8', '20230008'),
  ('MAT9', '20230008'),
  ('MAT9', '20230009'),
  ('AT10', '20230009'),
  ('AT10', '20230010'),
  ('AT11', '20230010'),
  ('AT11', '20230011'),
  ('AT12', '20230011'),
  ('AT12', '20230012'),
  ('AT13', '20230012'),
  ('AT13', '20230013'),
  ('AT14', '20230013'),
  ('AT14', '20230014'),
  ('AT15', '20230014'),
  ('AT15', '20230015'),
  ('AT16', '20230015'),
  ('AT16', '20230016'),
  ('AT17', '20230016'),
  ('AT17', '20230017'),
  ('AT18', '20230017'),
  ('AT18', '20230018'),
  ('AT19', '20230018'),
  ('AT19', '20230019'),
  ('AT20', '20230019'),
  ('MAT1', '20230020');
